CASENUM,CLMSEX,CLMINSUR,SEATBELT,CLMAGE,LOSS,ATTORNEY
5,0,1,0,50,34.94,0
3,1,0,0,18,0.891,1
66,0,1,0,5,0.33,1
70,0,1,1,31,0.037,0
96,0,1,0,30,0.038,1
97,1,1,0,35,0.309,0
10,0,1,0,9,3.538,0
36,1,1,0,34,4.881,0
51,1,1,0,60,0.874,1
55,0,1,0,,0.35,1
61,1,1,0,37,6.19,0
148,0,1,0,41,19.61,0
150,0,1,0,7,1.678,1
150,1,1,0,40,0.673,0
169,1,1,0,37,0.143,1
171,1,0,0,9,0.053,1
334,1,1,0,58,0.05,1
360,0,1,0,58,0.758,0
376,0,1,0,3,0,1
401,1,1,0,38,4.754,0
479,0,,0,37,3.1,0
480,1,1,0,39,0.13,1
550,0,0,0,38,16.161,0
569,0,,0,30,0.609,0
580,0,1,0,54,10.04,1
608,1,1,0,3,0.787,1
603,0,1,0,61,0.15,1
606,0,1,0,0,0.405,0
607,0,1,0,40,0.405,1
630,0,1,0,,0.595,0
640,1,1,0,16,3.994,1
640,0,1,0,,0.337,1
685,0,1,0,9,0.603,1
700,1,1,0,35,1.673,0
710,1,1,0,35,4.751,0
766,1,1,0,17,3.538,0
775,1,0,0,41,3.185,0
805,1,1,0,50,3.7,0
819,0,1,0,33,0.386,1
838,0,1,0,9,1.97,0
851,0,1,0,34,0.904,1
871,1,0,0,33,8.09,0
905,1,1,0,46,8.09,0
941,1,1,0,55,13.1,1
971,0,1,0,5,0.46,1
61,1,1,0,,3.981,1
63,0,0,0,16,1.74,0
78,0,1,0,1,0,1
91,0,1,0,,1.003,0
0,0,1,0,40,3.1,0
4,1,1,0,19,3.777,0
54,0,1,0,54,0.975,1
70,1,1,0,,0.497,1
86,1,1,0,,0.335,1
178,1,1,0,60,1.669,0
195,0,1,0,30,33.633,0
301,1,1,0,,0.305,1
304,1,0,0,10,6.694,0
335,1,1,0,44,0.139,1
339,0,1,0,10,0.987,1
354,1,1,0,,0,1
359,0,1,0,,0.53,1
366,0,,,35,5.563,0
387,0,1,0,54,0.17,1
405,1,1,0,38,1.513,0
445,1,1,0,60,0.73,1
470,0,1,0,,3.638,1
505,0,1,0,30,0.08,1
530,1,0,0,17,0.31,1
590,0,1,0,4,0.3,0
607,0,1,0,56,44.06,0
608,0,1,0,63,1.6,0
614,0,1,0,55,0.895,0
664,0,1,0,47,0.441,0
670,0,1,0,0,0.445,1
740,0,1,0,5,3.5,0
743,0,1,0,38,0.909,1
780,1,1,0,,0,1
784,0,1,0,40,1.875,0
790,0,1,0,57,3.889,1
840,1,1,0,17,1.765,0
908,1,1,0,1,0.517,1
970,1,,0,,9.73,0
996,1,0,0,11,1.71,0
1001,0,1,0,40,0.834,0
1009,1,1,0,10,1.031,1
1003,0,1,0,18,3.37,0
1010,1,1,0,35,0.15,1
1013,1,1,0,11,4.117,0
1017,1,1,0,16,4.44,0
1018,1,1,0,,0.8,1
1054,1,1,0,0,4.506,0
1063,1,1,0,8,0.86,1
1091,0,1,0,31,3.018,0
1010,0,1,0,50,1.467,0
1011,1,1,0,71,0.098,1
1013,1,1,0,,3.681,1
1054,0,1,0,1,34.571,0
1057,0,1,0,16,8.698,0
1059,0,1,0,9,0.46,1
1078,0,1,0,6,0.71,1
1156,1,1,0,43,0.535,1
1164,1,1,0,35,1.435,0
1189,1,1,0,,1.433,0
1309,0,1,0,7,0.589,1
1304,0,1,0,43,4.485,0
1315,0,1,0,19,40.364,0
1349,1,0,0,10,3.975,0
1388,1,1,0,31,0.595,1
1404,0,1,0,,0.755,0
1470,0,1,0,69,1.05,0
1473,1,1,0,33,0.41,1
1491,1,0,0,40,5.444,0
1496,1,1,0,,0.365,1
1568,1,1,0,8,0.38,1
1589,0,1,0,,3.06,0
1599,1,1,0,,0.765,1
1606,1,1,0,41,3.595,0
1655,1,1,0,43,3.031,0
1661,1,1,0,,6.35,1
1690,1,1,0,10,0.305,0
1740,1,1,0,9,5.813,0
1755,1,1,0,46,0.05,0
1758,1,1,0,7,1.99,0
1838,1,1,0,30,4.414,0
1846,1,1,0,43,3.863,1
1879,0,1,0,,0.15,1
1896,0,1,0,33,7.761,0
1939,0,1,0,54,0.747,1
1958,0,1,,40,1.577,1
1990,1,1,0,48,0.345,1
3067,1,1,0,50,0.056,1
3087,,,,,3.04,0
3093,1,1,0,,9.796,0
3047,1,1,0,31,4.46,0
3151,0,1,0,1,0.08,1
3157,0,1,0,,0.085,1
3190,0,1,1,0,1.005,0
3198,1,1,0,61,0.535,1
3305,0,1,0,8,0.973,0
3314,1,1,0,7,0.655,0
3337,1,1,0,37,3.667,1
3384,0,1,0,,0.615,0
3443,0,1,0,4,8.616,0
3446,0,1,0,75,3,0
3465,1,1,0,80,0.091,1
3500,0,1,0,33,1.38,1
3531,0,1,0,6,49.56,0
3546,1,1,0,40,59.497,0
3561,1,1,0,10,0.443,1
3571,1,1,0,40,8.74,0
3580,1,1,0,,1.79,0
3605,1,1,0,6,0.075,1
3667,0,1,0,66,0.507,0
3668,1,1,0,41,1.579,0
3677,1,1,0,56,6.44,0
3699,0,1,0,17,33.451,0
3707,1,1,0,13,40.46,0
3763,0,,,0,9.031,0
3791,0,0,0,51,0.05,1
3800,0,0,0,33,1.509,1
3848,0,1,0,10,0.375,1
3874,1,1,0,,0.8,1
3901,1,1,0,18,4.089,0
3906,0,0,,39,0.148,1
3900,0,1,0,0,0.01,1
3905,0,1,0,46,0.678,1
3910,1,0,0,39,0.14,1
3939,0,1,0,10,4.139,0
3974,1,1,0,34,0.1,0
3995,0,1,0,8,0.47,0
4066,1,1,0,41,4.84,0
4083,1,1,0,7,4.503,0
4000,1,1,0,18,1.638,0
4006,1,1,0,41,3.489,0
4084,0,1,0,10,4.375,1
4088,1,1,0,1,0.48,1
4096,1,1,0,6,0.604,1
4101,1,1,0,4,4.117,1
4130,0,1,0,15,9.898,0
4137,0,0,0,8,1.667,1
4148,0,1,0,5,0,1
4196,0,1,0,0,0.44,1
4409,1,1,0,,1.009,0
4465,0,1,0,,7.064,1
4490,1,1,0,40,1.53,0
4507,1,1,0,,0.377,0
4561,0,1,0,61,0.307,0
4593,0,,0,43,0.013,0
4681,1,0,0,65,0.373,1
4684,1,1,0,14,1.595,1
4695,0,1,0,10,5.345,0
4707,1,1,0,6,0,1
4708,1,1,0,49,3.968,1
4780,1,1,0,33,0.617,0
4789,1,1,0,8,1.478,1
4799,0,1,0,30,3.677,0
4835,1,1,0,50,0.145,1
4844,0,1,0,49,0.39,0
4915,1,,0,9,3.6,1
4919,1,1,0,17,0.054,1
4935,1,1,0,55,0.5,1
4970,1,1,0,18,3.086,0
5000,1,0,0,10,1.847,0
5010,1,0,0,38,0.714,0
5051,1,1,0,11,1.1,0
5076,1,1,0,,0.108,1
5108,0,1,0,41,0.795,1
5100,1,1,0,37,15.816,0
5151,0,0,0,13,4.508,1
5184,1,1,0,49,0.608,1
5187,1,1,0,10,0.886,1
5304,1,1,0,4,0,1
5340,1,1,0,40,3.75,1
5359,1,1,0,60,0.466,0
5376,1,1,0,77,0.944,1
5380,1,1,0,10,3.435,1
5381,1,1,0,8,5.409,0
5400,1,1,0,0,0.04,1
5491,1,1,0,14,0.808,1
5504,1,1,1,7,0.983,1
5547,0,1,0,44,0.035,1
5560,0,1,0,,3.013,1
5639,0,1,0,9,1.38,1
5641,0,1,0,6,0.64,1
5666,0,1,0,19,1.644,0
5685,1,1,0,6,1.461,1
5708,0,1,0,7,0.64,0
5730,1,1,0,35,4.604,0
5745,1,1,0,31,3.95,1
5748,0,1,0,49,0.15,1
5758,0,1,0,39,1.04,1
5800,1,1,0,34,4.09,1
5819,0,0,0,37,1.57,0
5881,1,,0,40,3.068,0
5900,1,1,0,17,1.619,0
5918,1,1,0,5,0.901,0
5949,1,0,0,19,0.885,0
5954,1,1,0,16,0.968,1
5956,1,1,0,6,0.011,1
5991,0,1,0,34,0.66,1
6014,1,1,0,38,6.509,1
6080,0,1,0,41,40,0
6000,0,1,0,35,3.033,0
6005,1,1,0,5,0.094,1
6008,1,1,0,40,3.7,1
6134,1,1,0,13,0.958,1
6195,1,1,0,7,0.5,1
6313,0,1,0,,1.835,0
6330,1,1,0,8,0.134,1
6330,1,1,0,49,0.51,1
6368,1,1,0,50,6.608,0
6409,0,1,0,50,0.35,1
6434,0,1,0,10,5.307,0
6491,1,1,0,,3.974,0
6543,0,1,0,30,4,0
6570,1,1,,17,3.63,0
6579,0,1,0,15,3.07,0
6593,0,1,0,0,0.709,0
6641,0,1,1,66,4.53,0
6680,1,1,0,30,0.877,1
6690,0,1,0,30,0.118,1
6697,0,0,0,6,0.598,1
6790,1,1,0,30,0.76,1
6869,0,1,0,50,0.675,0
6881,1,1,0,19,1.74,0
6936,1,1,0,49,4.164,1
6976,0,1,,40,0.386,1
7005,1,1,0,54,0.084,1
7035,0,0,0,3,0.851,0
7007,1,1,0,5,0.057,0
7009,1,1,0,6,4.3,0
7013,0,1,0,39,1.088,0
7035,1,1,0,9,3,1
7038,1,1,0,,0.909,0
7041,1,1,0,5,0.78,0
7057,1,1,0,37,4.018,0
7060,0,1,0,,81,1
7097,1,1,0,5,0.518,1
7107,0,1,0,47,0.15,0
7108,1,1,0,69,1.076,0
7140,0,1,0,38,1.031,1
7163,0,1,0,,0.011,1
7309,1,1,1,19,3.714,0
7350,1,1,0,,0.03,1
7381,1,1,0,7,7.45,1
7386,0,1,0,10,1.617,0
7406,1,1,0,19,68.56,0
7477,0,1,0,6,0.708,1
7484,1,1,0,5,6.08,0
7498,1,1,0,31,0.01,1
7586,1,1,0,17,3.34,0
7605,0,1,0,6,1.47,0
7647,1,1,0,10,3.33,0
7667,1,1,0,,3.099,1
7670,1,0,0,6,1.617,0
7694,0,1,0,0,0.5,1
7704,1,1,0,39,0.434,1
7707,0,1,0,,0.04,1
7713,1,1,0,46,1.47,1
7748,0,1,0,7,0.4,0
7769,1,0,0,,0.008,1
7776,0,1,0,41,3.31,1
7779,1,1,0,8,0.1,0
7791,1,1,0,8,0.7,1
7855,0,1,0,33,0.886,1
7883,1,1,0,5,4.058,1
7904,0,1,0,57,0.5,1
7909,1,1,0,36,0.15,1
7930,0,1,0,35,9.061,1
7971,0,1,0,41,0.746,1
7980,1,1,0,15,1.377,0
7996,1,0,0,13,1.056,0
7999,0,0,0,49,0.998,0
8005,1,1,0,0,1.38,1
8033,1,1,0,13,0.1,1
8036,0,1,0,0,0.005,1
8051,1,1,0,6,0.04,1
8174,1,1,0,,0.05,1
8300,0,1,0,36,1.104,0
8336,1,1,0,48,0.47,1
8338,0,1,0,10,0.505,1
8354,1,1,0,39,1.113,1
8380,0,1,0,6,4.478,1
8397,0,,0,,18.06,0
8400,1,1,0,46,0.005,1
8406,1,1,0,0,0.057,0
8410,1,1,0,9,3.309,0
8414,0,1,0,38,1.408,1
8418,1,1,0,6,5.049,1
8434,0,0,0,5,0.368,0
8471,0,1,0,54,1.405,1
8509,1,1,0,,1,1
8519,0,0,0,31,41.115,0
8570,0,1,0,8,5.83,0
8581,0,1,0,,0.9,1
8647,0,1,0,46,4.159,0
8673,1,1,0,33,0.78,1
8686,0,1,0,7,0.701,1
8699,1,1,0,11,4.19,1
8706,1,1,0,6,0.14,0
8713,1,1,0,41,4.691,1
8748,0,1,0,39,1.043,0
8770,1,1,0,16,0.861,1
8811,0,1,0,36,0.73,0
8816,0,0,0,19,1.43,0
8830,1,0,0,61,0.83,1
8846,1,1,0,56,3.009,1
8886,1,1,0,14,1.83,0
8938,1,1,0,34,4.349,1
8939,0,1,0,45,5.735,0
8940,1,1,0,53,7.549,0
8999,0,1,0,38,0.199,1
9047,1,,,10,0.163,1
9081,1,0,0,13,3.091,0
9030,1,0,0,36,4.405,0
9034,0,1,0,16,1.85,1
9071,1,1,0,31,9.017,0
9086,1,1,0,41,0.671,1
9097,1,1,0,60,3.997,0
9103,0,1,0,10,0.09,1
9113,1,1,0,44,3.199,0
9114,0,,0,9,1.77,1
9146,1,1,0,46,173.604,0
9151,1,1,0,8,0.405,1
9173,1,1,0,38,3.055,1
9304,0,1,0,,4.04,0
9330,0,1,0,34,0.567,0
9378,0,1,0,16,1.07,1
9407,0,1,0,0,0.035,1
9400,0,1,0,59,0,1
9437,1,1,0,30,3.634,0
9443,1,1,0,9,0.47,1
9510,1,1,0,,3.335,0
9514,1,1,0,46,8.801,0
9544,1,1,0,40,5.44,1
9546,1,1,0,54,1.149,0
9553,1,1,0,37,4.86,0
9555,1,1,0,67,1.035,0
9581,0,1,0,34,3.85,0
9600,1,1,0,8,0.989,0
9603,1,1,0,59,3.595,1
9604,1,1,0,35,8.508,0
9608,1,1,0,41,1.306,0
9605,0,1,0,6,0.905,0
9647,0,0,0,,0.371,1
9653,1,1,0,35,0.86,0
9660,1,1,0,55,0.604,1
9704,0,1,0,,3.595,0
9704,1,1,0,16,4.665,0
9758,1,1,0,36,1.351,1
9791,0,1,0,8,0.083,1
9793,1,1,0,6,0.495,1
9806,1,1,0,3,0.035,0
9800,1,,,5,5.163,0
9817,1,1,0,,0.756,1
9879,1,1,0,54,1.677,1
9910,0,,0,40,1.408,1
38,1,1,0,,0.056,1
6,0,1,0,,0.04,0
5,1,1,0,43,6.109,0
7,1,,,13,0.647,1
19,0,1,0,83,18.109,0
106,0,1,0,10,50,0
116,0,0,0,,0.684,1
156,0,1,0,13,4.776,0
188,1,1,0,35,5.405,0
198,1,1,,0,0.584,1
308,1,1,0,15,1.998,0
319,1,1,0,,1.995,0
479,1,1,0,45,49.015,0
545,1,1,0,40,0.834,1
564,0,0,0,5,1.6,0
565,0,1,0,49,1.68,1
575,0,1,0,14,4.916,0
590,0,1,0,48,68.548,0
593,0,1,0,43,0.745,1
606,0,1,0,60,5.087,0
758,1,1,0,9,0.185,1
861,0,0,0,50,3.719,0
870,1,1,0,10,1.97,1
876,0,1,0,40,0.505,1
884,0,1,0,6,0.396,0
895,1,1,0,11,0.487,1
945,0,0,0,15,0.54,1
960,1,1,0,11,1.13,0
993,1,1,0,10,0.385,1
997,1,,,,1.7,0
6,1,1,,4,0.057,0
30,1,1,0,16,0.089,0
64,0,0,0,15,0.984,0
94,1,1,0,,0.406,0
7,1,1,0,11,6.084,0
34,1,1,0,59,54.711,0
95,1,1,0,,3.584,1
99,0,1,0,36,4.045,0
158,1,1,0,6,3.47,0
169,1,1,0,40,4,1
171,1,1,0,6,3.883,0
189,0,1,0,57,3.889,1
196,0,1,0,,0.1,1
300,0,1,0,,1.63,0
308,1,1,0,40,0.857,0
330,1,1,0,7,0.557,1
331,1,1,0,10,3.064,0
363,1,1,0,,3.5,0
364,1,1,1,5,0.555,1
450,1,1,0,33,3.089,1
453,0,1,0,64,3.457,0
456,1,1,0,19,3.95,0
460,1,0,0,37,1.868,1
579,1,0,0,7,0.6,1
590,1,1,,5,0.488,0
617,1,1,0,5,0.995,0
656,1,,,0,0.109,0
696,0,,0,35,0.5,1
700,1,0,0,43,7.068,0
703,1,1,0,48,0.116,1
733,1,1,0,,93,0
763,1,,,66,0.985,1
768,1,1,0,10,1.069,1
873,1,1,0,0,0.08,1
883,0,1,0,34,1.36,1
890,0,1,0,14,1.086,1
907,0,1,0,30,0.5,1
901,,,,,1.069,0
904,1,1,0,50,0.045,1
905,0,1,,38,0.405,1
907,1,1,0,1,3.407,0
933,0,1,0,6,0.548,1
936,0,0,0,5,1.83,0
1003,0,1,0,,0.47,1
1090,1,1,0,50,4.005,0
1010,0,1,0,6,5.505,0
1030,0,0,0,30,8.07,0
1031,1,1,0,14,0.08,0
1058,0,1,1,39,61.047,0
1085,1,1,0,48,1.05,0
1110,0,1,1,10,1.318,0
1139,1,1,0,13,0.16,0
1150,0,1,0,47,0.09,1
1186,1,1,0,70,0.566,0
1308,1,1,0,35,0.975,1
1404,0,,,,0.37,1
1454,1,1,0,,0.783,1
1474,1,1,0,70,1.698,0
1478,1,1,0,39,0.84,1
1495,0,1,0,43,3.049,1
1500,0,0,0,,0.081,0
1544,1,1,0,35,3.603,0
1545,0,1,0,,0.4,1
1580,,1,0,14,5.5,0
1598,1,1,0,47,0.609,1
1670,1,1,0,15,3.085,0
1700,0,0,0,8,0.066,1
1767,1,1,0,,0.085,1
1785,1,1,0,9,1.645,0
1810,1,1,0,7,0.405,1
1843,1,1,0,3,0.1,1
1847,1,1,0,35,6.416,0
1901,0,1,0,55,6.85,0
1910,0,1,0,45,3.955,1
1935,0,1,0,40,7.7,0
1944,0,1,0,1,0.3,1
1980,0,1,1,49,1.633,1
1985,0,1,0,,3.854,1
1993,0,1,0,50,3.054,0
3003,0,1,0,47,0.15,1
3034,0,1,0,8,1.908,0
3070,1,1,1,,1.619,0
3090,0,1,0,19,0.957,1
3043,1,1,0,8,3.086,0
3060,0,1,0,5,0.453,0
3096,1,1,0,64,0.061,1
3133,0,1,0,19,0.605,1
3136,0,0,0,6,0.095,0
3149,1,1,0,64,0.131,1
3304,0,1,0,37,3.709,1
3309,1,0,0,5,3.06,0
3334,1,1,0,0,0.151,1
3401,1,1,0,63,0.34,0
3490,1,1,0,3,0.716,1
3570,,1,0,,7.857,0
3608,1,,,7,7.707,0
3700,0,1,0,5,0.065,0
3708,0,1,0,13,0.085,1
3734,0,1,0,57,6.063,0
3748,0,,0,,0.005,0
3753,1,1,0,51,4.366,0
3808,0,1,0,30,1.548,0
3840,0,1,0,,0.431,1
3906,1,1,0,50,0.435,1
3930,0,1,0,1,0.095,0
3957,1,1,1,30,1.069,1
3978,1,1,0,47,0.077,1
3990,1,1,0,3,0.843,0
4050,1,1,0,11,5.515,1
4084,0,1,0,7,1.305,0
4000,1,1,0,,3.51,1
4005,0,1,0,9,8.08,1
4030,0,1,0,31,3.035,0
4040,0,0,0,5,0.656,0
4044,0,1,0,56,3.01,0
4047,0,1,0,44,3.666,0
4067,0,1,0,34,3.394,1
4074,1,1,0,49,3.76,0
4086,1,1,0,,3.09,1
4100,1,,,0,0.91,0
4161,0,0,0,43,5.083,0
4163,1,1,0,64,0.948,1
4171,0,1,0,,7.438,0
4179,0,0,0,16,0.83,0
4305,0,1,0,19,4.781,0
4319,1,0,0,3,0.579,0
4350,1,,,,0.5,1
4357,1,1,0,34,8.4,1
4366,0,1,0,58,0.895,1
4375,0,1,0,30,0.565,1
4404,0,1,0,57,4.996,0
4458,1,1,0,,0.105,1
4489,1,0,0,14,3.804,0
4507,1,1,0,11,3.754,0
4565,1,1,0,,0.06,1
4600,1,1,0,4,1.883,1
4604,1,1,0,37,0.5,1
4633,0,0,0,19,3.04,0
4679,1,1,0,39,0,1
4697,1,0,0,40,8.406,1
4740,0,1,0,54,1.077,0
4767,0,1,0,5,1.737,0
4799,0,1,0,16,0.091,0
4806,1,1,0,44,3.313,1
4830,0,1,0,3,0.6,0
4845,0,1,0,9,1.691,1
4859,1,1,0,49,6.371,0
4863,0,1,0,70,3.706,0
4893,0,1,0,10,0.305,1
4908,1,1,0,15,4.554,0
4967,0,1,0,7,0.778,1
4975,0,1,0,,66.689,0
4991,1,1,0,8,6.047,0
4995,0,1,0,30,0.384,1
4998,1,1,0,10,0.107,1
5011,1,0,0,,3.361,1
5071,1,1,0,63,0.184,1
5043,0,0,0,36,3.175,0
5060,1,1,0,17,41.434,0
5081,1,1,0,70,3.78,0
5095,1,1,0,,0.536,0
5108,1,1,0,30,0.83,1
5369,1,1,0,6,0.1,1
5404,1,1,0,11,0.546,1
5415,1,1,0,38,4.977,0
5419,0,1,0,8,1.99,1
5431,1,1,0,43,0.007,1
5436,0,1,0,31,5.55,0
5457,1,1,0,70,0.108,1
5500,0,1,0,60,0.073,1
5518,1,1,0,9,0.55,1
5519,1,1,0,37,63.361,0
5548,0,1,0,50,0.935,0
5550,1,1,,19,0.015,1
5557,1,1,0,13,0.15,1
5589,1,1,0,8,3.005,0
5599,1,1,0,11,3.6,0
5670,1,1,0,,0.114,1
5680,0,1,,50,3.041,0
5704,1,1,0,4,0.655,0
5790,0,1,0,0,0.15,1
5848,1,1,0,9,5.5,0
5930,0,1,0,33,0.596,1
5931,0,1,0,,0.199,0
5954,0,1,0,30,0.03,1
5990,0,1,0,16,4.94,0
6016,1,1,0,,1.64,1
6000,1,1,0,0,0.407,1
6016,1,1,0,39,3.47,0
6037,1,1,0,36,15.766,0
6110,0,1,0,83,0.38,1
6175,0,0,0,7,1.815,0
6195,1,1,0,41,3.043,1
6317,0,1,0,38,3.787,1
6330,0,1,0,1,0.89,0
6353,1,1,0,67,4.109,0
6379,0,,0,10,0.558,1
6408,1,1,0,71,8.708,0
6409,0,1,0,73,8.108,0
6445,1,1,0,40,6.337,0
6453,1,1,0,48,0.058,1
6461,0,1,0,7,0.33,0
6495,1,0,0,,3.635,0
6531,0,0,0,50,0.01,0
6543,1,1,0,1,3.404,0
6556,1,1,0,37,1.851,0
6568,1,1,1,10,8.053,0
6585,0,1,0,95,0.08,0
6605,1,1,0,0,0.175,1
6665,0,1,0,44,3.9,0
6697,0,1,0,31,0.155,0
6703,0,1,0,10,0.135,0
6709,0,1,0,44,1.645,0
6710,0,1,0,45,3.9,0
6717,0,1,0,30,6.808,0
6755,1,1,0,10,0.041,1
6794,0,1,0,,1.905,0
6795,0,1,0,17,5.118,0
6841,1,0,0,10,1.64,1
6843,1,1,0,70,0.06,1
6907,0,1,0,7,3.436,0
6914,1,1,1,10,0.936,0
6958,0,1,0,1,0.035,0
7010,0,1,0,33,0.393,1
7011,1,1,0,0,0.116,0
7098,0,1,0,34,6.57,0
7033,0,1,0,43,0.405,0
7044,1,1,0,,0.935,0
7057,0,1,0,35,3.36,0
7059,1,1,0,43,3.498,1
7063,0,1,0,14,4.479,0
7085,1,1,0,10,1.406,0
7087,1,,,,0.3,0
7111,1,1,0,41,9.16,1
7175,1,1,0,0,0.005,1
7186,1,1,0,47,0.5,1
7363,0,0,0,31,0.738,0
7373,0,1,0,39,4.308,0
7397,0,1,0,,0.075,1
7403,0,1,0,,0.133,1
7406,1,1,0,39,3.086,0
7407,1,1,0,60,0.064,1
7488,0,,0,49,0.7,0
7539,1,1,0,55,0.03,1
7550,1,0,0,33,0,1
7635,1,1,0,41,7.013,0
7707,1,1,0,33,5.467,0
7709,1,1,0,39,0.831,1
7716,0,1,0,,3.906,0
7719,0,1,0,43,4.41,0
7731,0,0,0,48,0.855,1
7737,1,1,0,48,5.449,0
7790,1,1,0,19,0.553,1
7831,1,1,0,9,1.803,0
7840,1,,,34,0.945,0
7840,0,1,0,16,0.175,1
7885,1,0,0,19,5.4,1
7933,0,,,,0.004,1
7985,1,1,0,80,1.613,1
7994,1,1,0,43,0.31,1
8007,0,1,0,13,1.915,0
8063,1,0,0,11,7.407,0
8065,0,1,0,5,0.315,1
8070,1,1,0,15,6.795,1
8089,1,1,0,50,0.946,1
8041,1,1,0,,0.305,0
8045,0,1,0,19,0.348,0
8057,0,1,0,40,6.479,0
8075,1,1,0,11,3.78,1
8077,0,1,0,,0.4,1
8104,0,1,0,60,0.1,1
8105,1,1,0,43,8.49,0
8133,1,1,0,41,0.801,0
8155,0,1,0,49,0.33,0
8170,1,1,0,40,3.57,0
8198,1,1,0,0,0.05,1
8308,1,1,0,10,7.079,0
8334,0,1,0,5,0.15,1
8353,1,1,0,,1.01,1
8360,1,1,0,45,0.9,1
8384,1,1,0,37,1.805,0
8387,0,1,0,57,1.019,1
8396,0,1,0,15,6.119,0
8400,1,1,0,40,5.967,1
8483,1,1,0,9,0.707,0
8500,0,1,0,,4.395,0
8513,1,1,0,58,0.354,1
8553,0,1,0,13,6.979,1
8563,1,1,0,30,1.105,0
8576,0,1,0,18,3.065,0
8609,1,1,0,55,19.934,0
8644,1,1,0,33,0.781,1
8647,1,1,0,17,3.737,0
8670,0,1,0,34,8.706,0
8674,0,1,0,,3.545,0
8683,0,1,0,17,3.055,0
8698,1,1,0,7,0.15,0
8765,0,1,0,44,0.763,1
8773,0,1,0,36,0.053,1
8774,0,1,0,10,3.974,1
8783,0,1,0,9,3.1,0
8809,0,1,0,11,0.5,1
8811,0,1,0,0,0.05,1
8814,0,1,0,30,4.014,0
8847,0,1,0,,5.01,1
8903,0,0,0,11,0.3,1
8950,1,1,0,17,0.069,1
8960,0,1,0,0,0.014,0
8983,0,1,0,13,7.936,0
8985,1,1,0,88,0.703,1
9041,0,0,0,78,4.115,0
9090,0,1,0,6,4.076,0
9104,1,1,0,70,0.035,0
9101,1,1,0,30,5.01,0
9118,1,1,0,8,0.401,1
9131,1,1,0,40,6.674,0
9160,1,1,0,40,5.091,0
9163,0,1,0,8,9.004,1
9164,0,1,0,69,0.48,1
9193,1,1,0,,0.848,1
9330,0,1,0,38,3.004,0
9404,0,1,0,36,0.009,1
9411,1,1,0,4,0.191,0
9413,1,1,0,,1,0
9415,1,1,0,39,4.095,1
9430,0,1,0,15,0.16,1
9477,1,1,0,,9.436,1
9480,0,1,0,80,0.703,1
9578,1,1,0,53,3.04,0
9604,0,1,0,39,3.741,0
9609,0,1,0,40,1.073,0
9617,0,0,0,30,9.909,0
9630,1,1,0,38,3.055,0
9686,0,1,0,0,0.4,0
9691,0,0,0,45,3.305,0
9795,0,1,0,60,0,1
9796,1,1,0,9,4.614,0
9816,0,1,1,30,0.077,0
9851,0,1,0,0,0.065,1
9875,1,0,0,18,1.817,0
9877,1,1,0,,0.115,1
9881,1,1,0,40,0.969,1
9885,0,1,0,,0.614,1
9895,1,1,0,43,0.166,1
9900,0,0,0,,0.138,1
9903,0,1,0,,4.395,0
9933,1,1,0,6,0.109,1
9964,1,1,0,19,3.777,1
9993,0,1,,,1.364,0
9998,1,1,0,6,0.046,1
9999,1,1,0,38,0.155,1
10000,1,1,0,,0,1
10000,1,1,0,40,3.993,0
10050,0,1,0,3,0.084,1
10070,1,1,0,9,0.68,0
10035,1,1,0,,0.894,1
10040,1,1,0,,3.975,1
10048,0,1,0,15,1.035,0
10067,1,1,0,19,3.858,1
10090,0,1,0,50,51.146,0
10100,0,1,0,,0.15,1
10164,0,1,0,,1.053,1
10178,0,1,0,37,8.77,0
10300,0,0,0,,74.776,0
10470,1,1,0,10,0.5,1
10487,0,1,0,6,0.53,0
10613,1,1,0,33,3.365,1
10677,0,0,0,49,3.763,1
10687,1,1,0,9,3.386,0
10694,1,1,0,69,7.61,1
10695,1,1,0,8,1.354,1
10707,1,1,0,17,0,0
10708,0,0,0,41,0.457,1
10755,1,1,0,8,0.108,1
10790,1,1,0,11,3.713,0
10850,0,0,0,5,0.97,0
10864,1,1,0,47,5.004,0
10894,1,1,,,0.005,1
10900,1,1,0,50,3.348,0
10907,0,1,0,16,111.405,0
10908,1,1,0,,50,0
10940,0,1,0,0,0.055,1
10945,1,,,47,8.053,0
10975,1,1,0,38,0.701,1
10990,1,1,0,16,0.16,1
10006,0,1,0,8,78.767,0
10084,0,1,0,73,1.715,0
10003,0,0,0,40,1.55,0
10001,1,1,0,41,5.995,0
10060,0,1,0,48,0.39,1
10105,1,1,0,7,6,0
10180,1,1,1,0,3.089,0
10190,0,1,0,40,0.31,1
10300,1,1,0,16,0.6,1
10354,1,1,0,44,6.4,0
10369,0,1,0,,7.018,0
10376,0,1,0,,1.799,0
10379,1,1,0,17,3.186,1
10404,1,1,0,64,1.87,0
10416,0,0,,13,1.065,0
10440,0,1,0,30,6.967,0
10455,1,1,0,6,0.488,1
10504,1,1,0,34,6.057,0
10510,0,0,0,37,0.544,1
10533,1,1,0,43,4.088,1
10537,1,1,0,10,31.005,0
10561,1,1,0,48,1.05,0
10570,1,1,0,30,0.3,1
10631,1,1,,40,3.505,0
10633,1,1,0,44,0.486,0
10635,0,0,0,8,1.807,0
10681,0,1,0,,1,1
10750,0,1,0,6,0.133,0
10766,1,1,0,45,3.65,0
10779,0,1,0,7,0.03,1
10809,1,1,0,,1.4,1
10839,0,1,0,49,4.378,0
10840,1,,0,11,0.4,1
10918,0,1,1,11,0.906,0
10941,0,1,0,10,3.371,0
10970,0,1,0,30,4.37,0
10976,1,1,0,,0.75,1
11000,0,,,31,0.439,1
11001,1,1,0,4,0.135,1
11057,0,1,0,15,1,0
11008,0,1,0,84,1.43,0
11004,0,1,0,,0.138,1
11036,1,1,0,11,4.506,1
11059,1,1,0,48,7.196,0
11079,0,1,0,40,3.15,1
11089,0,1,0,11,0.646,0
11090,1,1,,35,0.87,1
11099,1,0,0,55,1.769,0
11186,1,1,0,,67.697,0
11308,0,1,0,33,1.337,0
11335,1,1,0,14,0.175,1
11360,1,1,0,7,0.431,1
11376,1,1,0,11,0.66,1
11446,1,1,0,30,0.3,1
11461,1,1,0,33,1,0
11537,0,1,0,,0.07,1
11581,0,1,0,53,3.839,1
11654,1,1,0,45,1.45,1
11687,0,1,0,33,1.985,0
11704,0,1,0,,4.434,1
11700,1,1,0,40,3.6,0
11718,1,1,0,,3.915,0
11730,1,0,0,11,7.999,0
11766,0,,,38,0.318,1
11796,0,1,0,37,8.075,1
11838,0,1,0,0,0.09,0
11873,1,0,0,3,0.051,0
11886,0,,,1,0.3,0
11900,0,0,0,,5.57,0
11913,1,1,0,6,0.886,1
11933,1,1,,53,1.675,1
11941,1,1,0,43,9.849,0
11949,1,1,0,11,4.115,0
11961,0,1,0,30,9.685,0
13006,0,1,0,77,0.05,1
13010,1,1,0,16,0.07,1
13069,1,1,0,0,0.015,1
13071,0,0,0,40,1.988,1
13091,1,0,0,9,1.431,1
13098,1,1,0,6,0.576,0
13000,0,1,0,50,1.061,0
13004,0,1,0,,0.99,1
13019,0,1,0,16,1.8,1
13048,0,1,0,16,3.74,0
13050,1,1,0,70,17.404,0
13080,1,1,0,70,4.637,1
13090,0,1,0,8,4.01,0
13100,1,0,0,10,0.709,0
13153,1,1,0,9,0.405,1
13179,,1,0,50,0.8,1
13308,0,1,0,44,3.434,1
13339,1,1,0,34,0.795,1
13354,0,1,0,,3.33,1
13380,0,1,0,,1.645,0
13385,0,1,0,39,8.815,0
13404,1,1,0,6,0.4,1
13430,1,1,0,,0.54,1
13470,1,0,0,10,1.001,1
13471,0,1,0,14,7.185,0
13500,0,1,0,34,4.5,0
13513,1,0,0,43,0.088,1
13514,0,1,0,10,1.073,0
13543,1,0,0,19,0.83,0
13548,0,1,0,56,0.647,1
13551,0,1,0,44,3.685,0
13559,1,0,0,47,0.698,1
13570,1,1,0,6,0.05,0
13658,,1,0,17,1.039,0
13675,1,1,0,10,3.049,0
13681,1,1,0,,0.5,1
13697,1,1,0,51,1.11,0
13748,1,1,0,30,1.1,0
13764,1,1,0,18,1.86,1
13788,1,1,0,7,0.379,1
13795,1,1,0,33,0.054,0
13801,1,1,0,50,5.873,1
13879,1,1,0,18,6.198,1
13893,1,0,0,46,0.075,1
13900,1,1,0,6,0.036,1
13911,0,1,0,,0.043,1
13933,0,1,0,44,0.835,0
13960,1,1,0,40,0.3,1
13963,1,1,0,10,0.405,1
13984,1,1,0,34,0.404,1
14061,1,1,0,,0.038,1
14090,1,1,0,9,0.07,0
14006,1,1,0,31,1.486,1
14118,0,1,0,53,0,1
14133,0,1,0,,6.938,0
14150,1,1,0,8,0.1,0
14158,1,1,0,,0.1,1
14195,0,1,0,54,5,0
14306,0,1,0,18,3.365,1
14300,0,1,0,,0.58,1
14385,1,1,0,60,8.68,0
14460,0,1,0,4,1.445,0
14487,1,1,0,,3.081,0
14510,0,1,0,9,0.3,1
14531,1,1,0,19,0.05,1
14574,0,1,0,10,0.059,1
14594,1,1,0,13,0.456,1
14671,1,1,0,8,1.805,1
14691,1,1,0,55,1.901,1
14706,0,1,0,,0.75,1
14744,0,1,0,34,0.495,0
14745,0,1,0,38,3.735,0
14750,1,1,0,39,0.31,0
14754,1,1,0,10,4.878,0
14758,1,1,0,40,36.147,0
14770,1,1,0,45,0.35,1
14771,1,1,0,6,0.608,1
14810,,1,0,8,1.365,0
14865,0,1,0,49,4.714,1
14896,1,1,0,,0.315,1
14933,1,0,0,,1.931,0
14950,0,1,0,15,1.465,0
14954,0,1,0,14,10.869,0
14959,0,1,0,11,0.5,1
14975,0,1,0,68,9.008,0
15000,1,1,0,40,4.108,0
15010,1,0,0,8,0.15,1
15060,1,1,0,30,0.501,1
15080,1,1,0,39,4.8,1
15090,0,1,0,8,4.996,0
15037,0,1,0,49,88.71,0
15045,1,1,0,48,6.067,0
15050,0,1,0,7,4.995,0
15051,1,1,0,6,0.757,1
15098,0,1,0,1,0.1,0
15104,0,1,0,,1,1
15135,0,1,0,51,6.001,1
15183,1,1,,19,4.009,0
15185,0,1,0,39,0.3,1
15378,0,1,0,15,6.59,0
15383,0,1,0,8,1.39,0
15400,1,1,0,39,0.784,1
15406,0,1,0,1,3.108,0
15407,1,1,0,43,8.49,0
15435,1,1,,17,1.065,1
15438,0,1,0,9,0.5,1
15455,1,1,0,30,0.631,1
15475,1,1,0,6,1.105,0
15506,0,1,0,19,3.77,0
15561,0,1,0,48,6.144,0
15574,0,0,0,,3.065,1
15585,0,1,0,,0.356,1
15587,1,1,0,15,1.09,1
15601,1,1,0,16,0.105,1
15606,1,1,0,,0.04,0
15659,1,1,0,15,1.766,0
15680,0,1,0,31,1.316,0
15693,0,1,0,7,1.095,0
15731,0,0,0,40,0.6,0
15760,1,1,0,53,0.576,0
15799,0,1,0,5,0.5,1
15801,0,1,0,63,1.985,1
15805,,1,0,0,6.3,0
15870,1,1,0,,0.184,1
15898,1,1,0,55,0.06,0
15901,1,1,0,78,0.015,1
16013,1,1,0,40,1.903,0
16031,0,1,0,7,7.18,1
16070,1,0,0,69,3.11,0
16080,1,1,0,54,7.39,0
16013,0,1,0,9,1.908,0
16088,1,1,0,11,0.986,1
16139,1,1,0,40,3.775,1
16147,1,1,0,36,4.303,0
16170,0,1,0,8,0.764,1
16300,0,1,0,34,0.801,1
16306,1,1,0,,4,0
16315,1,1,0,10,0.06,1
16338,1,1,0,38,3.406,0
16345,1,1,0,41,0.494,1
16347,1,1,0,30,0.189,0
16371,1,1,0,10,0.946,1
16379,1,1,0,30,4.488,1
16383,0,0,0,41,3.64,0
16451,0,1,0,45,8.745,0
16456,0,1,0,41,0.18,1
16506,1,1,0,8,0.59,1
16534,1,1,0,0,0.06,0
16546,0,1,0,10,0.663,1
16561,1,1,0,73,1.546,1
16571,0,1,0,74,1.064,1
16580,1,1,0,17,0.036,0
16603,1,1,0,6,0,0
16614,1,1,0,45,1.903,1
16676,0,1,0,58,0.31,0
16677,0,1,0,,0.05,1
16697,0,1,0,9,3.05,0
16708,1,1,0,48,0.87,0
16738,1,1,0,37,0.935,1
16748,1,1,0,55,0.404,1
16769,0,1,0,5,1.475,0
16773,0,1,0,10,0.069,1
16798,1,1,0,,0.05,1
16844,0,1,0,47,3.675,0
16869,0,1,0,31,1.396,0
16870,1,1,0,11,4.035,0
16906,1,1,0,58,9.485,0
16908,0,1,0,14,0.15,1
16909,1,1,0,,0.161,0
16989,0,1,0,49,0.095,1
17039,1,1,0,86,1.694,1
17048,1,1,0,19,1.985,0
17101,0,1,0,,0.974,0
17148,1,1,0,63,4.504,0
17160,1,1,0,47,0.48,1
17165,1,1,0,8,0.879,1
17176,1,1,0,15,0.055,1
17196,1,1,0,14,1.65,0
17303,1,1,1,15,96.007,0
17334,0,1,0,78,0.078,1
17405,0,1,0,34,7.364,0
17433,0,1,0,17,0.05,1
17470,0,1,0,33,0.08,1
17487,0,1,0,35,0.95,1
17507,0,1,0,59,1.675,1
17550,1,1,0,33,3.03,0
17560,0,0,0,35,0.309,1
17599,0,1,0,35,1.717,0
17638,0,1,0,7,0.64,0
17700,1,1,0,40,0.711,0
17704,0,0,0,8,1.699,0
17708,1,0,0,13,1.006,0
17739,0,1,0,56,0.036,1
17749,1,1,0,38,0.507,1
17786,1,1,0,77,1,1
17790,0,1,0,33,0.6,1
17798,1,1,0,35,1.713,1
17801,1,1,0,16,5.6,1
17803,0,0,0,36,6.106,0
17843,0,1,0,,3.3,0
17897,1,,,58,0.648,1
17945,1,1,0,3,0.346,0
17954,1,1,0,39,0.45,1
17960,1,1,0,16,5.598,1
18089,0,0,0,47,6.07,0
18000,0,1,0,45,4.075,0
18037,1,1,0,10,5.88,1
18048,1,1,0,39,1.471,1
18057,0,1,0,47,0.08,0
18095,0,1,0,50,3.095,0
18109,1,1,0,65,4.558,1
18110,0,1,0,43,3.394,0
18194,1,1,0,16,0.895,1
18300,1,1,0,43,3.8,0
18319,0,1,0,9,0.19,0
18330,0,1,0,49,3.73,0
18340,1,1,0,54,7.367,0
18341,1,1,0,46,4.01,0
18368,0,1,0,36,8.476,0
18455,0,1,0,36,4.315,0
18460,0,1,0,50,3.786,0
18463,0,1,0,54,0.748,1
18509,1,1,0,40,0.005,1
18511,1,1,0,46,3.5,1
18550,0,1,0,6,0.354,0
18607,0,1,0,,0.3,1
18653,1,0,0,11,3.37,0
18663,1,1,0,0,7.169,0
18737,0,1,0,4,0.31,0
18753,1,1,0,4,0.19,1
18766,1,1,0,14,5.83,0
18784,0,1,0,30,1.816,0
18790,1,1,0,60,0.3,1
18795,1,1,0,,1,0
18803,1,1,0,,0.5,1
18835,0,1,1,36,3.909,1
18861,0,1,0,18,6.08,0
18887,1,1,0,46,0.73,1
18941,1,1,0,37,4.609,1
18945,1,1,0,,0.08,1
18954,1,1,0,6,0.06,1
18984,1,1,0,61,1.051,1
18987,0,1,0,10,0.1,1
18990,1,1,0,30,5.595,0
19075,0,1,0,8,3.514,0
19033,1,1,0,,0.05,1
19061,1,1,0,13,4.095,0
19067,0,1,0,36,1.59,1
19069,1,1,0,57,3.915,1
19070,1,1,0,61,0.39,1
19087,0,1,0,48,0.755,0
19093,0,0,0,17,0.579,1
19108,0,1,0,10,5.057,0
19173,1,1,0,30,1,0
19195,1,1,0,,4.165,0
19350,0,1,0,44,4.569,1
19389,1,1,0,13,3.807,0
19395,1,1,0,39,4.061,1
19406,0,1,0,13,0.13,1
19404,1,1,0,46,0.507,0
19410,0,0,0,51,40.574,0
19440,1,1,0,7,3.734,1
19446,1,1,,7,0.156,0
19447,0,0,0,5,1.45,0
19465,1,1,0,54,4.097,0
19490,0,1,0,,0.15,1
19558,0,1,0,44,3.549,1
19560,1,0,1,45,3.37,0
19609,1,1,0,0,0.09,1
19605,0,1,0,37,1.951,0
19670,0,1,0,59,0.188,1
19683,0,0,0,3,0.378,0
19701,1,1,0,6,3.53,0
19710,1,1,0,5,0.155,1
19761,0,1,0,,1.34,1
19765,1,0,0,40,10.718,0
19790,0,,,11,3.318,1
19814,0,1,0,34,0.05,1
19837,0,1,0,76,0.15,0
19857,,,,,0,1
19884,1,1,0,50,1.065,0
19961,1,1,0,6,4.065,1
30010,0,,,,3.49,0
30017,1,1,0,3,0.095,0
30033,0,1,0,9,3.578,1
30085,0,1,0,13,0.746,1
30064,1,1,0,68,0.004,1
30163,0,1,0,16,1.909,0
30306,,1,0,,3.675,0
30357,0,1,0,56,15.001,0
30381,0,1,0,38,5.06,0
30384,1,1,0,13,1.6,1
30430,1,1,0,37,13.789,0
30436,0,1,0,,0.098,1
30448,0,0,0,9,3.76,0
30483,1,,,33,4.835,0
30490,0,1,0,0,0.309,1
30498,0,1,0,10,3.19,0
30501,1,1,0,34,0.674,1
30548,0,1,0,,0.04,1
30557,0,1,0,40,0.915,1
30588,1,1,0,44,13,0
30594,0,1,0,9,1.393,1
30634,0,1,0,48,3.549,0
30670,1,1,0,0,0.535,0
30683,1,1,0,5,0.17,0
30759,0,1,0,,4.03,0
30781,1,1,0,7,0.599,1
30790,0,1,0,18,1.605,0
30793,1,1,0,35,4.333,0
30799,0,1,0,76,3.756,0
30816,1,1,0,17,0.497,1
30900,1,1,0,,4.673,0
30908,0,0,0,15,1.009,1
30903,1,1,0,,0.15,1
30909,1,1,0,11,0.436,1
30915,0,1,0,38,0.8,1
30931,1,1,0,6,3.78,0
30948,1,1,0,53,0.405,1
30013,1,1,0,47,0.019,1
30050,0,1,0,40,3.59,0
30051,1,1,0,3,0.607,0
30063,1,1,0,55,3.348,1
30015,0,1,0,80,0.347,1
30040,1,1,0,9,1.747,1
30065,1,1,0,51,4.017,0
30108,1,1,0,7,0.358,1
30179,1,1,0,7,0.06,1
30383,1,1,0,11,8.641,0
30389,1,1,0,10,0.339,1
30408,1,1,0,19,5.1,0
30403,1,1,0,40,0.835,1
30507,1,1,0,30,0.39,1
30584,1,1,0,47,0.6,1
30675,1,1,0,8,1.595,0
30709,1,1,0,48,1.334,0
30751,,1,0,34,0.15,1
30770,1,1,0,33,0.706,0
30775,1,1,0,44,3.713,0
30783,0,1,0,,3.899,0
30806,0,1,0,,0.161,0
30816,0,1,0,46,1.807,0
30840,1,1,0,,0.57,1
30858,1,1,0,39,0.944,1
30880,0,1,0,,0.1,1
30903,1,0,0,49,4.491,1
30957,1,1,0,58,3.306,0
30961,1,1,0,,1.64,1
30976,1,1,0,0,0.763,0
30998,1,1,0,15,1.556,0
31003,1,1,0,70,0.095,0
31011,1,1,0,40,0.398,1
31016,1,1,0,8,0.015,1
31036,0,1,0,30,3.57,0
31056,1,0,0,31,3.343,0
31059,0,1,0,46,6.04,0
31075,1,1,0,10,1.673,0
31096,1,1,0,,0.175,1
31001,0,1,0,50,0.135,1
31008,,1,0,45,0.358,1
31010,1,1,0,8,0,1
31041,0,1,0,50,1.015,0
31056,1,1,0,,0.37,0
31081,0,,,7,1.85,0
31094,0,1,0,17,1.968,0
31107,1,1,0,0,0.3,0
31111,0,1,0,66,1.545,1
31118,0,1,0,37,4.318,0
31141,0,1,0,48,0.455,1
31159,0,1,1,30,30.64,0
31330,0,1,0,7,0.453,1
31350,1,1,0,36,6.908,1
31386,0,1,0,39,4.3,0
31388,0,1,0,0,0.44,1
31400,1,1,0,35,1.701,0
31480,0,1,0,0,0.013,0
31500,1,1,0,39,0.936,0
31508,0,1,0,36,0.507,1
31531,0,1,0,,0.565,0
31556,1,1,0,37,0.193,1
31581,1,1,0,,7.551,0
31590,0,1,0,50,1.608,0
31594,1,1,0,,3.5,0
31637,1,1,0,7,0.449,1
31667,0,1,0,40,3.735,0
31700,1,1,0,34,0.15,1
31739,1,1,0,18,0.85,1
31750,1,1,0,0,0.3,1
31784,1,1,0,5,0.19,1
31798,1,1,,50,3.3,0
31905,0,1,0,9,7.6,0
31944,1,1,0,9,6.459,0
31960,1,1,0,50,4.986,0
31994,0,1,0,36,0.465,0
33005,0,1,0,30,3.735,0
33033,1,1,0,0,0.067,0
33047,0,0,0,30,4.147,0
33054,0,1,0,8,0.485,1
33015,1,1,0,40,0.05,1
33037,1,1,1,44,55.709,0
33050,0,0,0,10,0.04,1
33068,1,1,0,4,1.165,1
33073,1,1,0,41,5.6,0
33085,0,1,1,,6.1,1
33144,1,1,0,19,1.537,1
33150,0,1,0,10,0.964,1
33165,0,1,0,40,0.749,1
33177,1,1,0,,1.041,0
33198,1,1,0,18,3.18,0
33307,0,1,0,36,4.448,1
33318,0,0,0,,3.8,0
33330,1,1,0,8,1.195,1
33379,1,1,0,19,7.393,1
33440,0,1,0,71,1.595,0
33450,1,1,0,,0.7,1
33455,1,1,0,9,0.364,1
33466,1,1,0,,3.845,0
33468,1,1,0,,0.5,1
33498,0,1,0,,0,1
33503,1,1,0,38,0.005,1
33553,1,1,0,10,0.019,1
33587,1,1,0,43,5.434,0
33590,0,1,0,30,3.034,0
33607,1,1,0,40,0.905,0
33614,0,1,0,40,5.168,0
33661,1,1,0,45,14.884,0
33687,1,1,0,7,0.986,1
33697,0,1,0,7,0.107,1
33741,0,1,0,8,1.105,0
33744,1,0,,10,0.158,1
33750,0,1,0,7,3.535,0
33759,1,1,0,,0.07,1
33778,0,1,0,34,0.763,1
33840,1,1,0,,0.54,1
33858,0,1,0,,3.437,0
33865,1,1,0,1,0.08,1
33881,1,1,0,9,5.46,0
33883,0,1,0,10,6.564,0
34000,1,1,0,9,3.169,0
34035,1,1,0,7,0.688,0
34050,1,1,0,70,0.505,0
34055,0,1,0,14,0.4,0
34085,1,1,0,33,0.535,1
34011,0,1,0,33,6.817,1
34030,1,1,0,3,0.95,0
34066,1,1,0,9,0,1
34089,0,1,0,49,0,1
34104,1,1,0,16,0.06,1
34100,0,1,0,,0.576,1
34110,1,1,0,46,3.705,0
34113,1,1,0,39,0.099,1
34145,1,0,0,8,3.177,0
34153,1,1,0,30,0.688,1
